Rank,Team,W,L,Win%
1,UConn (Big East),37,3,92.5
2,James Madison (Sun Belt),32,4,88.9
3,McNeese (Southland),30,4,88.2
4,Purdue (Big Ten),34,5,87.2
5,Houston (Big 12),32,5,86.5
6,Grand Canyon (WAC),30,5,85.7
7,Samford (SoCon),29,6,82.9
8,Princeton (Ivy League),24,5,82.8
9,Indiana St. (MVC),32,7,82.1
10,Drake (MVC),28,7,80
10,Utah St. (Mountain West),28,7,80
10,Vermont (America East),28,7,80
13,App State (Sun Belt),27,7,79.4
14,Iowa St. (Big 12),29,8,78.4
14,North Carolina (ACC),29,8,78.4
16,Auburn (SEC),27,8,77.1
16,Col. of Charleston (CAA),27,8,77.1
16,Gonzaga (WCC),27,8,77.1
19,Nevada (Mountain West),26,8,76.5
19,Saint Mary's (CA) (WCC),26,8,76.5
19,South Carolina (SEC),26,8,76.5
22,Illinois (Big Ten),29,9,76.3
23,Dayton (Atlantic 10),25,8,75.8
23,South Fla. (AAC),25,8,75.8
25,Arizona (Pac-12),27,9,75
25,Duke (ACC),27,9,75
25,High Point (Big South),27,9,75
25,Tennessee (SEC),27,9,75
29,Morehead St. (OVC),26,9,74.3
30,Fla. Atlantic (AAC),25,9,73.5
31,Cornell (Ivy League),22,8,73.3
32,Marquette (Big East),27,10,73
33,New Mexico (Mountain West),26,10,72.2
34,Colgate (Patriot),25,10,71.4
34,Creighton (Big East),25,10,71.4
34,Washington St. (Pac-12),25,10,71.4
37,Quinnipiac (MAAC),24,10,70.6
37,UC Irvine (Big West),24,10,70.6
39,Colorado (Pac-12),26,11,70.3
39,San Diego St. (Mountain West),26,11,70.3
41,Kentucky (SEC),23,10,69.7
41,Loyola Chicago (Atlantic 10),23,10,69.7
41,Richmond (Atlantic 10),23,10,69.7
41,Yale (Ivy League),23,10,69.7
45,Colorado St. (Mountain West),25,11,69.4
46,Louisiana Tech (CUSA),22,10,68.8
46,Memphis (AAC),22,10,68.8
46,UMass Lowell (America East),22,10,68.8
46,Western Caro. (SoCon),22,10,68.8
46,Youngstown St. (Horizon),22,10,68.8
51,Akron (MAC),24,11,68.6
51,Baylor (Big 12),24,11,68.6
51,Norfolk St. (MEAC),24,11,68.6
54,UNCW (CAA),21,10,67.7
55,BYU (Big 12),23,11,67.6
55,Kansas (Big 12),23,11,67.6
55,Nebraska (Big Ten),23,11,67.6
55,San Francisco (WCC),23,11,67.6
55,Texas Tech (Big 12),23,11,67.6
55,Virginia (ACC),23,11,67.6
61,Alabama (SEC),25,12,67.6
61,Duquesne (Atlantic 10),25,12,67.6
61,Seton Hall (Big East),25,12,67.6
64,Clemson (ACC),24,12,66.7
64,Florida (SEC),24,12,66.7
64,Montana (Big Sky),24,12,66.7
64,Oakland (Horizon),24,12,66.7
64,Oregon (Pac-12),24,12,66.7
64,Boise St. (Mountain West),22,11,66.7
64,Pittsburgh (ACC),22,11,66.7
71,Bradley (MVC),23,12,65.7
71,UAB (AAC),23,12,65.7
73,Eastern Wash. (Big Sky),21,11,65.6
73,UNC Greensboro (SoCon),21,11,65.6
73,UT Martin (OVC),21,11,65.6
76,Fairfield (MAAC),24,13,64.9
77,Northwestern (Big Ten),22,12,64.7
77,UNC Asheville (Big South),22,12,64.7
77,Western Ky. (CUSA),22,12,64.7
80,Central Conn. St. (NEC),20,11,64.5
80,Massachusetts (Atlantic 10),20,11,64.5
82,Purdue Fort Wayne (Horizon),23,13,63.9
83,A&M-Corpus Christi (Southland),21,12,63.6
83,Chattanooga (SoCon),21,12,63.6
83,Merrimack (NEC),21,12,63.6
83,Sam Houston (CUSA),21,12,63.6
83,Western Ill. (OVC),21,12,63.6
88,NC State (ACC),26,15,63.4
89,VCU (Atlantic 10),24,14,63.2
90,South Dakota St. (Summit League),22,13,62.9
90,Stetson (ASUN),22,13,62.9
92,Drexel (CAA),20,12,62.5
92,George Mason (Atlantic 10),20,12,62.5
92,Lipscomb (ASUN),20,12,62.5
92,Oklahoma (Big 12),20,12,62.5
92,Ole Miss (SEC),20,12,62.5
92,Syracuse (ACC),20,12,62.5
92,Toledo (MAC),20,12,62.5
92,Troy (Sun Belt),20,12,62.5
92,Weber St. (Big Sky),20,12,62.5
101,Seattle U (WAC),23,14,62.2
102,Little Rock (OVC),21,13,61.8
102,TCU (Big 12),21,13,61.8
102,Texas (Big 12),21,13,61.8
102,UNLV (Mountain West),21,13,61.8
106,Charlotte (AAC),19,12,61.3
107,Ohio St. (Big Ten),22,14,61.1
107,Wisconsin (Big Ten),22,14,61.1
109,Belmont (MVC),20,13,60.6
109,Bryant (America East),20,13,60.6
109,Hofstra (CAA),20,13,60.6
109,Ohio (MAC),20,13,60.6
109,SMU (AAC),20,13,60.6
109,Santa Clara (WCC),20,13,60.6
109,St. Bonaventure (Atlantic 10),20,13,60.6
109,St. John's (NY) (Big East),20,13,60.6
109,UC Davis (Big West),20,13,60.6
118,Longwood (Big South),21,14,60
118,Mississippi St. (SEC),21,14,60
118,Providence (Big East),21,14,60
118,Saint Joseph's (Atlantic 10),21,14,60
118,Wake Forest (ACC),21,14,60
123,Cincinnati (Big 12),22,15,59.5
123,Utah (Pac-12),22,15,59.5
125,Southern Ill. (MVC),19,13,59.4
126,Bowling Green (MAC),20,14,58.8
126,Hawaii (Big West),20,14,58.8
126,Nicholls (Southland),20,14,58.8
126,Towson (CAA),20,14,58.8
126,UT Arlington (WAC),20,14,58.8
131,Cleveland St. (Horizon),21,15,58.3
131,Grambling (SWAC),21,15,58.3
131,Long Beach St. (Big West),21,15,58.3
131,Texas A&M (SEC),21,15,58.3
135,Marist (MAAC),18,13,58.1
135,N.C. Central (MEAC),18,13,58.1
137,Delaware (CAA),19,14,57.6
137,Indiana (Big Ten),19,14,57.6
137,Lamar University (Southland),19,14,57.6
137,Louisiana (Sun Belt),19,14,57.6
137,Northern Colo. (Big Sky),19,14,57.6
137,Saint Peter's (MAAC),19,14,57.6
137,UNI (MVC),19,14,57.6
144,Michigan St. (Big Ten),20,15,57.1
144,Milwaukee (Horizon),20,15,57.1
144,Stony Brook (CAA),20,15,57.1
147,Central Mich. (MAC),18,14,56.3
147,Green Bay (Horizon),18,14,56.3
147,Liberty (CUSA),18,14,56.3
147,North Dakota (Summit League),18,14,56.3
147,Southern U. (SWAC),18,14,56.3
147,Wright St. (Horizon),18,14,56.3
153,CSUN (Big West),19,15,55.9
153,Iowa (Big Ten),19,15,55.9
153,Kansas St. (Big 12),19,15,55.9
153,Minnesota (Big Ten),19,15,55.9
153,North Texas (AAC),19,15,55.9
153,Virginia Tech (ACC),19,15,55.9
159,Boston College (ACC),20,16,55.6
160,Eastern Ky. (ASUN),17,14,54.8
161,Butler (Big East),18,15,54.5
161,Monmouth (CAA),18,15,54.5
161,Northern Ky. (Horizon),18,15,54.5
161,SFA (WAC),18,15,54.5
161,San Diego (WCC),18,15,54.5
161,Tennessee St. (OVC),18,15,54.5
167,Austin Peay (ASUN),19,16,54.3
167,ETSU (SoCon),19,16,54.3
169,Arkansas St. (Sun Belt),20,17,54.1
169,Georgia (SEC),20,17,54.1
171,Portland St. (Big Sky),17,15,53.1
171,Washington (Pac-12),17,15,53.1
171,Winthrop (Big South),17,15,53.1
171,Wofford (SoCon),17,15,53.1
175,UTEP (CUSA),18,16,52.9
175,Villanova (Big East),18,16,52.9
177,Harvard (Ivy League),14,13,51.9
178,New Hampshire (America East),16,15,51.6
178,Tulsa (AAC),16,15,51.6
178,UC Santa Barbara (Big West),16,15,51.6
181,Florida St. (ACC),17,16,51.5
181,Furman (SoCon),17,16,51.5
181,Gardner-Webb (Big South),17,16,51.5
181,LSU (SEC),17,16,51.5
181,Missouri St. (MVC),17,16,51.5
181,SIUE (OVC),17,16,51.5
181,UCF (Big 12),17,16,51.5
181,Wagner (NEC),17,16,51.5
189,Howard (MEAC),18,17,51.4
190,Bethune-Cookman (SWAC),17,17,50
190,Denver (Summit League),17,17,50
190,Kent St. (MAC),17,17,50
190,American (Patriot),16,16,50
190,Kansas City (Summit League),16,16,50
190,Niagara (MAAC),16,16,50
190,North Florida (ASUN),16,16,50
190,Sacred Heart (NEC),16,16,50
190,South Alabama (Sun Belt),16,16,50
190,Southern Miss. (Sun Belt),16,16,50
190,Utah Valley (WAC),16,16,50
190,Binghamton (America East),15,15,50
202,Evansville (MVC),17,18,48.6
202,Montana St. (Big Sky),17,18,48.6
202,Texas St. (Sun Belt),17,18,48.6
205,Arkansas (SEC),16,17,48.5
205,Boston U. (Patriot),16,17,48.5
205,California Baptist (WAC),16,17,48.5
205,Iona (MAAC),16,17,48.5
205,Jacksonville (ASUN),16,17,48.5
205,La Salle (Atlantic 10),16,17,48.5
205,Maryland (Big Ten),16,17,48.5
205,Mercer (SoCon),16,17,48.5
205,Penn St. (Big Ten),16,17,48.5
205,Radford (Big South),16,17,48.5
205,Texas Southern (SWAC),16,17,48.5
205,UCLA (Pac-12),16,17,48.5
217,Ball St. (MAC),15,16,48.4
217,Kennesaw St. (ASUN),15,16,48.4
219,Columbia (Ivy League),13,14,48.1
220,Abilene Christian (WAC),16,18,47.1
220,UC Riverside (Big West),16,18,47.1
220,Xavier (Big East),16,18,47.1
223,Davidson (Atlantic 10),15,17,46.9
223,FDU (NEC),15,17,46.9
223,George Washington (Atlantic 10),15,17,46.9
223,Illinois St. (MVC),15,17,46.9
223,Jackson St. (SWAC),15,17,46.9
223,Maine (America East),15,17,46.9
223,Miami (FL) (ACC),15,17,46.9
223,Miami (OH) (MAC),15,17,46.9
223,North Ala. (ASUN),15,17,46.9
223,North Dakota St. (Summit League),15,17,46.9
223,Rider (MAAC),15,17,46.9
223,Rutgers (Big Ten),15,17,46.9
223,Southeastern La. (Southland),15,17,46.9
223,Wyoming (Mountain West),15,17,46.9
237,East Carolina (AAC),15,18,45.5
237,Omaha (Summit League),15,18,45.5
237,Southern California (Pac-12),15,18,45.5
240,Georgia St. (Sun Belt),14,17,45.2
240,Tulane (AAC),14,17,45.2
242,Temple (AAC),16,20,44.4
243,Delaware St. (MEAC),15,19,44.1
243,Wichita St. (AAC),15,19,44.1
245,Alcorn (SWAC),14,18,43.8
245,Arizona St. (Pac-12),14,18,43.8
245,Cal St. Fullerton (Big West),14,18,43.8
245,Campbell (CAA),14,18,43.8
245,Canisius (MAAC),14,18,43.8
245,Eastern Ill. (OVC),14,18,43.8
245,FGCU (ASUN),14,18,43.8
245,Georgia Tech (ACC),14,18,43.8
245,Jacksonville St. (CUSA),14,18,43.8
245,Lehigh (Patriot),14,18,43.8
245,South Carolina St. (MEAC),14,18,43.8
245,Stanford (Pac-12),14,18,43.8
257,Bucknell (Patriot),14,19,42.4
257,Middle Tenn. (CUSA),14,19,42.4
257,Northern Ariz. (Big Sky),14,19,42.4
257,Presbyterian (Big South),14,19,42.4
261,Ark.-Pine Bluff (SWAC),13,18,41.9
261,Brown (Ivy League),13,18,41.9
261,Eastern Mich. (MAC),13,18,41.9
261,Navy (Patriot),13,18,41.9
265,Idaho St. (Big Sky),14,20,41.2
266,Alabama St. (SWAC),13,19,40.6
266,CSU Bakersfield (Big West),13,19,40.6
266,California (Pac-12),13,19,40.6
266,Chicago St. (DI Independent),13,19,40.6
266,Elon (CAA),13,19,40.6
266,Mount St. Mary's (MAAC),13,19,40.6
266,New Mexico St. (CUSA),13,19,40.6
266,Oregon St. (Pac-12),13,19,40.6
266,UAlbany (America East),13,19,40.6
275,Fordham (Atlantic 10),13,20,39.4
275,Marshall (Sun Belt),13,20,39.4
275,Notre Dame (ACC),13,20,39.4
275,Pepperdine (WCC),13,20,39.4
275,Saint Louis (Atlantic 10),13,20,39.4
280,LMU (CA) (WCC),12,19,38.7
280,Oral Roberts (Summit League),12,19,38.7
282,Penn (Ivy League),11,18,37.9
283,Murray St. (MVC),12,20,37.5
283,Northeastern (CAA),12,20,37.5
283,Oklahoma St. (Big 12),12,20,37.5
283,Rhode Island (Atlantic 10),12,20,37.5
283,South Dakota (Summit League),12,20,37.5
283,Western Mich. (MAC),12,20,37.5
289,ULM (Sun Belt),11,19,36.7
290,Fresno St. (Mountain West),12,21,36.4
290,Portland (WCC),12,21,36.4
290,UIC (MVC),12,21,36.4
293,Morgan St. (MEAC),11,20,35.5
293,NIU (MAC),11,20,35.5
295,Idaho (Big Sky),11,21,34.4
295,Lafayette (Patriot),11,21,34.4
295,Rice (AAC),11,21,34.4
295,The Citadel (SoCon),11,21,34.4
295,UMBC (America East),11,21,34.4
295,UTSA (AAC),11,21,34.4
301,Alabama A&M (SWAC),12,23,34.3
302,FIU (CUSA),11,22,33.3
302,Charleston So. (Big South),10,20,33.3
302,USC Upstate (Big South),10,20,33.3
305,Prairie View (SWAC),10,21,32.3
305,Southern Utah (WAC),10,21,32.3
305,Tennessee Tech (OVC),10,21,32.3
308,Army West Point (Patriot),10,22,31.3
308,Robert Morris (Horizon),10,22,31.3
310,UMES (MEAC),9,20,31
311,Holy Cross (Patriot),10,23,30.3
311,New Orleans (Southland),10,23,30.3
311,William & Mary (CAA),10,23,30.3
314,Sacramento St. (Big Sky),10,24,29.4
315,Air Force (Mountain West),9,22,29
315,Coastal Carolina (Sun Belt),9,22,29
315,Southeast Mo. St. (OVC),9,22,29
318,Central Ark. (ASUN),9,23,28.1
318,Georgetown (Big East),9,23,28.1
318,Northwestern St. (Southland),9,23,28.1
318,San Jose St. (Mountain West),9,23,28.1
318,Vanderbilt (SEC),9,23,28.1
318,West Virginia (Big 12),9,23,28.1
324,Ga. Southern (Sun Belt),9,24,27.3
324,Hampton (CAA),9,24,27.3
326,Saint Francis (PA) (NEC),8,22,26.7
327,UIW (Southland),8,23,25.8
328,Louisville (ACC),8,24,25
328,Michigan (Big Ten),8,24,25
328,Missouri (SEC),8,24,25
328,NJIT (America East),7,21,25
332,LIU (NEC),7,22,24.1
333,Manhattan (MAAC),7,23,23.3
334,Dartmouth (Ivy League),6,21,22.2
335,Loyola Maryland (Patriot),7,25,21.9
335,N.C. A&T (CAA),7,25,21.9
335,Old Dominion (Sun Belt),7,25,21.9
335,Valparaiso (MVC),7,25,21.9
339,Florida A&M (SWAC),6,23,20.7
339,Houston Christian (Southland),6,23,20.7
341,UTRGV (WAC),6,25,19.4
342,IU Indy (Horizon),6,26,18.8
342,Pacific (WCC),6,26,18.8
344,Buffalo (MAC),4,27,12.9
345,Cal Poly (Big West),4,28,12.5
345,Siena (MAAC),4,28,12.5
345,VMI (SoCon),4,28,12.5
348,DePaul (Big East),3,29,9.4
349,Coppin St. (MEAC),2,27,6.9
350,Mississippi Val. (SWAC),1,30,3.2
351,Detroit Mercy (Horizon),1,31,3.1